{
    "transform": [
        [
            0.9976075887680054,
            -0.06886875629425049,
            -0.006020962726324797,
            -0.09298839420080185
        ],
        [
            -0.006020962726324797,
            -0.17331930994987488,
            0.9848473072052002,
            -0.02781996876001358
        ],
        [
            -0.06886875629425049,
            -0.9824548363685608,
            -0.17331930994987488,
            0.46008729934692383
        ]
    ],
    "scale": 0.260741422996684
}